Reporting starts,Reporting ends,Ad name,Ad delivery,Attribution setting,Results,Result indicator,Reach,Frequency,Cost per results,Ad set budget,Ad set budget type,Amount spent (USD),Ends,Quality ranking,Engagement rate ranking,Conversion rate ranking,Impressions,"CPM (cost per 1,000 impressions) (USD)",Link clicks,shop_clicks,CPC (cost per link click) (USD),CTR (link click-through rate),Clicks (all),CTR (all),CPC (all) (USD),Landing page views,Cost per landing page view (USD)
2025-08-13,2026-02-16,New Leads Ad with recommended settings,archived,"7-day click, 1-day view, or 1-day engaged-view",23.0,actions:offsite_conversion.fb_pixel_lead,19091,2.154156,94.73695652,Using campaign budget,0,2178.95,Ongoing,-,-,-,41125,52.983587,512.0,,4.255762,1.244985,894,2.17386,2.437304,1.0,2178.95
2025-08-13,2026-02-16,New Leads Ad with recommended settings - Copy,archived,"7-day click, 1-day view, or 1-day engaged-view",,,955,1.419895,,Using campaign budget,0,101.84,Ongoing,-,-,-,1356,75.103245,32.0,,3.1825,2.359882,49,3.613569,2.078367,1.0,101.84
2025-08-13,2026-02-16,New Leads Ad with recommended settings - Copy,archived,"7-day click, 1-day view, or 1-day engaged-view",13.0,actions:offsite_conversion.fb_pixel_lead,12940,2.107651,81.81615385,Using campaign budget,0,1063.61,Ongoing,-,-,-,27273,38.998643,319.0,,3.334201,1.169655,603,2.210978,1.763864,,
2025-08-13,2026-02-16,New Leads Ad with recommended settings - Copy,archived,"7-day click, 1-day view, or 1-day engaged-view",17.0,actions:offsite_conversion.fb_pixel_lead,9786,1.892602,72.26823529,Using campaign budget,0,1228.56,Ongoing,-,-,-,18521,66.333351,336.0,,3.656429,1.814157,567,3.06139,2.166772,3.0,409.52
2025-08-13,2026-02-16,New Leads Ad with recommended settings - Copy,archived,"7-day click, 1-day view, or 1-day engaged-view",17.0,actions:offsite_conversion.fb_pixel_lead,32659,2.167703,140.12588235,Using campaign budget,0,2382.14,Ongoing,-,-,-,70795,33.648422,757.0,,3.146816,1.069285,1372,1.93799,1.736254,8.0,297.7675
2025-08-13,2026-02-16,New Leads Ad with recommended settings - Copy,archived,"7-day click, 1-day view, or 1-day engaged-view",1.0,actions:offsite_conversion.fb_pixel_lead,2663,1.839279,351.95,Using campaign budget,0,351.95,Ongoing,-,-,-,4898,71.85586,96.0,,3.666146,1.959984,161,3.287056,2.186025,,
2025-08-13,2026-02-16,New Leads Ad with recommended settings - Copy,archived,"7-day click, 1-day view, or 1-day engaged-view",1.0,actions:offsite_conversion.fb_pixel_lead,428,1.488318,57.19,Using campaign budget,0,57.19,Ongoing,-,-,-,637,89.78022,10.0,,5.719,1.569859,21,3.296703,2.723333,,
2025-08-13,2026-02-16,New Leads Ad with recommended settings - Copy,archived,"7-day click, 1-day view, or 1-day engaged-view",10.0,actions:offsite_conversion.fb_pixel_lead,9677,2.202542,133.036,Using campaign budget,0,1330.36,Ongoing,-,-,-,21314,62.417191,345.0,,3.856116,1.618654,719,3.37337,1.850292,,
2025-08-13,2026-02-16,New Leads Ad with recommended settings - Copy,archived,"7-day click, 1-day view, or 1-day engaged-view",2.0,actions:offsite_conversion.fb_pixel_lead,840,1.382143,39.185,Using campaign budget,0,78.37,Ongoing,-,-,-,1161,67.502153,14.0,,5.597857,1.205857,27,2.325581,2.902593,1.0,78.37
2025-08-13,2026-02-16,New Leads Ad with recommended settings - Copy,archived,"7-day click, 1-day view, or 1-day engaged-view",14.0,actions:offsite_conversion.fb_pixel_lead,14510,1.890627,87.72285714,Using campaign budget,0,1228.12,Ongoing,-,-,-,27433,44.76798,271.0,,4.531808,0.987861,724,2.639157,1.696298,2.0,614.06
2025-08-13,2026-02-16,New Leads Ad with recommended settings - Copy,archived,"7-day click, 1-day view, or 1-day engaged-view",1.0,actions:offsite_conversion.fb_pixel_lead,741,1.147099,53.62,Using campaign budget,0,53.62,Ongoing,-,-,-,850,63.082353,17.0,,3.154118,2.0,43,5.058824,1.246977,,
2025-08-13,2026-02-16,New Leads Ad with recommended settings,archived,"7-day click, 1-day view, or 1-day engaged-view",,,1887,1.138315,,Using campaign budget,0,148.72,Ongoing,-,-,-,2148,69.236499,35.0,,4.249143,1.629423,84,3.910615,1.770476,,
2025-08-13,2026-02-16,New Leads Ad,archived,"7-day click, 1-day view, or 1-day engaged-view",,,3334,1.019496,,80,Daily,48.39,Ongoing,-,-,-,3399,14.23654,25.0,,1.9356,0.73551,24,0.70609,2.01625,,
2025-08-13,2026-02-16,New Leads Ad - Copy,archived,"7-day click, 1-day view, or 1-day engaged-view",,,7,1.142857,,80,Daily,0.18,Ongoing,-,-,-,8,22.5,,,,,0,0.0,0.0,,
2025-08-13,2026-02-16,New Leads Ad - Copy,inactive,"7-day click, 1-day view, or 1-day engaged-view",8.0,conversions:offsite_conversion.fb_pixel_custom.Hyros Call,9653,2.910391,133.05125,80,Daily,1064.41,Ongoing,-,-,-,28094,37.887449,431.0,,2.469629,1.534135,1235,4.395956,0.86187,4.0,266.1025
2025-08-13,2026-02-16,New Leads Ad - Copy,archived,"7-day click, 1-day view, or 1-day engaged-view",,,527,1.180266,,80,Daily,63.92,Ongoing,-,-,-,622,102.765273,10.0,,6.392,1.607717,11,1.768489,5.810909,,
2025-08-13,2026-02-16,New Leads Ad - Copy,archived,"7-day click, 1-day view, or 1-day engaged-view",,,516,1.218992,,80,Daily,38.36,Ongoing,-,-,-,629,60.985692,18.0,,2.131111,2.861685,30,4.769475,1.278667,,
2025-08-13,2026-02-16,New Leads Ad - Copy,not_delivering,"7-day click, 1-day view, or 1-day engaged-view",8.0,conversions:offsite_conversion.fb_pixel_custom.Hyros Call,7180,2.567549,166.8025,80,Daily,1334.42,Ongoing,-,-,-,18435,72.385137,352.0,,3.790966,1.909411,476,2.582045,2.803403,3.0,444.806667
2025-08-13,2026-02-16,New Leads Ad - Copy,archived,"7-day click, 1-day view, or 1-day engaged-view",,,2207,1.332125,,80,Daily,221.48,Ongoing,-,-,-,2940,75.333333,59.0,,3.753898,2.006803,89,3.027211,2.488539,2.0,110.74
2025-08-13,2026-02-16,New Leads Ad - Copy,archived,"7-day click, 1-day view, or 1-day engaged-view",,,51,1.117647,,80,Daily,1.32,Ongoing,-,-,-,57,23.157895,,,,,0,0.0,0.0,,
2025-08-13,2026-02-16,New Leads Ad - Copy,archived,"7-day click, 1-day view, or 1-day engaged-view",,,13,1.230769,,80,Daily,0.27,Ongoing,-,-,-,16,16.875,,,,,0,0.0,0.0,,
2025-08-13,2026-02-16,New Leads Ad - Copy,archived,"7-day click, 1-day view, or 1-day engaged-view",,,391,1.104859,,80,Daily,49.43,Ongoing,-,-,-,432,114.421296,9.0,,5.492222,2.083333,11,2.546296,4.493636,,
2025-08-13,2026-02-16,New Leads Ad - Copy,not_delivering,"7-day click, 1-day view, or 1-day engaged-view",26.0,conversions:offsite_conversion.fb_pixel_custom.Hyros Call,26818,4.011858,147.845,80,Daily,3843.97,Ongoing,-,-,-,107590,35.727949,1477.0,,2.602552,1.372804,2380,2.212102,1.615113,13.0,295.69
2025-08-13,2026-02-16,New Leads Ad - Copy,archived,"7-day click, 1-day view, or 1-day engaged-view",,,81,1.234568,,80,Daily,9.03,Ongoing,-,-,-,100,90.3,6.0,,1.505,6.0,8,8.0,1.12875,1.0,9.03
2025-08-13,2026-02-16,New Leads Ad - Copy,archived,"7-day click, 1-day view, or 1-day engaged-view",,,191,1.246073,,80,Daily,20.79,Ongoing,-,-,-,238,87.352941,6.0,,3.465,2.521008,8,3.361345,2.59875,,
2025-08-13,2026-02-16,New Leads Ad - Copy,archived,"7-day click, 1-day view, or 1-day engaged-view",,,1432,1.338687,,80,Daily,134.24,Ongoing,-,-,-,1917,70.026082,37.0,,3.628108,1.930099,80,4.173187,1.678,1.0,134.24
2025-08-13,2026-02-16,New Leads Ad - Copy,archived,"7-day click, 1-day view, or 1-day engaged-view",2.0,conversions:offsite_conversion.fb_pixel_custom.Hyros Call,863,1.243337,49.99,80,Daily,99.98,Ongoing,-,-,-,1073,93.178006,15.0,,6.665333,1.39795,24,2.236719,4.165833,,
2025-08-13,2026-02-16,New Leads Ad - Copy,archived,"7-day click, 1-day view, or 1-day engaged-view",,,948,1.335443,,80,Daily,100.4,Ongoing,-,-,-,1266,79.304897,19.0,,5.284211,1.50079,24,1.895735,4.183333,,
2025-08-13,2026-02-16,New Leads Ad - Copy,not_delivering,"7-day click, 1-day view, or 1-day engaged-view",2.0,conversions:offsite_conversion.fb_pixel_custom.Hyros Call,2521,1.714002,126.32,80,Daily,252.64,Ongoing,-,-,-,4321,58.467947,73.0,,3.460822,1.689424,111,2.56885,2.276036,1.0,252.64
2025-08-13,2026-02-16,New Leads Ad - Copy,archived,"7-day click, 1-day view, or 1-day engaged-view",,,96,1.208333,,80,Daily,3.89,Ongoing,-,-,-,116,33.534483,1.0,,3.89,0.862069,1,0.862069,3.89,,
2025-08-13,2026-02-16,New Leads Ad - Copy,archived,"7-day click, 1-day view, or 1-day engaged-view",,,41,1.04878,,80,Daily,2.09,Ongoing,-,-,-,43,48.604651,,,,,1,2.325581,2.09,,
2025-08-13,2026-02-16,New Leads Ad - Copy,archived,"7-day click, 1-day view, or 1-day engaged-view",,,22,1.090909,,80,Daily,0.94,Ongoing,-,-,-,24,39.166667,,,,,0,0.0,0.0,,
2025-08-13,2026-02-16,New Leads Ad - Copy,archived,"7-day click, 1-day view, or 1-day engaged-view",,,10,1.0,,80,Daily,0.61,Ongoing,-,-,-,10,61.0,,,,,0,0.0,0.0,,
2025-08-13,2026-02-16,New Leads Ad - Copy,archived,"7-day click, 1-day view, or 1-day engaged-view",,,1386,1.296537,,80,Daily,102.71,Ongoing,-,-,-,1797,57.156372,36.0,,2.853056,2.003339,44,2.448525,2.334318,,
2025-08-13,2026-02-16,New Leads Ad - Copy,archived,"7-day click, 1-day view, or 1-day engaged-view",,,33,1.151515,,80,Daily,2.54,Ongoing,-,-,-,38,66.842105,1.0,,2.54,2.631579,1,2.631579,2.54,,
2025-08-13,2026-02-16,New Leads Ad - Copy,archived,"7-day click, 1-day view, or 1-day engaged-view",,,693,1.220779,,80,Daily,40.7,Ongoing,-,-,-,846,48.108747,12.0,,3.391667,1.41844,19,2.245863,2.142105,,
2025-08-13,2026-02-16,New Leads Ad - Copy,archived,"7-day click, 1-day view, or 1-day engaged-view",,,5,1.0,,80,Daily,0.17,Ongoing,-,-,-,5,34.0,,,,,0,0.0,0.0,,
2025-08-13,2026-02-16,New Leads Ad - Copy,archived,"7-day click, 1-day view, or 1-day engaged-view",,,2,1.0,,80,Daily,0.01,Ongoing,-,-,-,2,5.0,,,,,0,0.0,0.0,,
2025-08-13,2026-02-16,New Leads Ad - Copy,not_delivering,"7-day click, 1-day view, or 1-day engaged-view",21.0,conversions:offsite_conversion.fb_pixel_custom.Hyros Call,15883,2.663288,101.53238095,80,Daily,2132.18,Ongoing,-,-,-,42301,50.404955,972.0,,2.193601,2.297818,1792,4.236306,1.189833,15.0,142.145333
2025-08-13,2026-02-16,New Leads Ad - Copy,not_delivering,"7-day click, 1-day view, or 1-day engaged-view",12.0,conversions:offsite_conversion.fb_pixel_custom.Hyros Call,10436,1.776064,96.12416667,80,Daily,1153.49,Ongoing,-,-,-,18535,62.233073,528.0,,2.18464,2.848665,1194,6.441867,0.966072,14.0,82.392143
2025-08-13,2026-02-16,New Leads Ad - Copy,not_delivering,"7-day click, 1-day view, or 1-day engaged-view",7.0,conversions:offsite_conversion.fb_pixel_custom.Hyros Call,7183,2.570931,362.31,80,Daily,2536.17,Ongoing,-,-,-,18467,137.335247,689.0,,3.680943,3.73098,873,4.727351,2.90512,6.0,422.695
2025-08-13,2026-02-16,New Leads Ad - Copy,archived,"7-day click, 1-day view, or 1-day engaged-view",,,6,1.833333,,80,Daily,0.54,Ongoing,-,-,-,11,49.090909,,,,,0,0.0,0.0,,
2025-08-13,2026-02-16,New Leads Ad - Copy,archived,"7-day click, 1-day view, or 1-day engaged-view",,,378,1.224868,,80,Daily,17.45,Ongoing,-,-,-,463,37.688985,5.0,,3.49,1.079914,6,1.295896,2.908333,,
2025-08-13,2026-02-16,New Leads Ad - Copy,archived,"7-day click, 1-day view, or 1-day engaged-view",,,424,1.051887,,80,Daily,6.42,Ongoing,-,-,-,446,14.394619,5.0,,1.284,1.121076,6,1.345291,1.07,,
2025-08-13,2026-02-16,New Leads Ad - Copy,archived,"7-day click, 1-day view, or 1-day engaged-view",,,10,1.0,,80,Daily,0.14,Ongoing,-,-,-,10,14.0,,,,,0,0.0,0.0,,
2025-08-13,2026-02-16,New Leads Ad - Copy,archived,"7-day click, 1-day view, or 1-day engaged-view",,,211,1.175355,,80,Daily,10.57,Ongoing,-,-,-,248,42.620968,5.0,,2.114,2.016129,6,2.419355,1.761667,,
2025-08-13,2026-02-16,New Leads Ad - Copy 2,archived,"7-day click, 1-day view, or 1-day engaged-view",,,346,1.063584,,80,Daily,13.99,Ongoing,-,-,-,368,38.016304,4.0,,3.4975,1.086957,10,2.717391,1.399,,
2025-08-13,2026-02-16,New Leads Ad - Copy 2,archived,"7-day click, 1-day view, or 1-day engaged-view",,,66,1.19697,,80,Daily,3.49,Ongoing,-,-,-,79,44.177215,,,,,0,0.0,0.0,,
2025-08-13,2026-02-16,New Leads Ad - Copy 3,not_delivering,"7-day click, 1-day view, or 1-day engaged-view",1.0,conversions:offsite_conversion.fb_pixel_custom.Hyros Call,2210,1.538914,97.79,80,Daily,97.79,Ongoing,-,-,-,3401,28.753308,14.0,,6.985,0.411644,86,2.528668,1.137093,,
2025-08-13,2026-02-16,New Leads Ad - Copy 3,archived,"7-day click, 1-day view, or 1-day engaged-view",,,63,1.142857,,80,Daily,4.66,Ongoing,-,-,-,72,64.722222,,,,,2,2.777778,2.33,,
2025-08-13,2026-02-16,New Leads Ad - Copy 3,archived,"7-day click, 1-day view, or 1-day engaged-view",,,88,1.056818,,80,Daily,5.13,Ongoing,-,-,-,93,55.16129,,,,,0,0.0,0.0,,
2025-08-13,2026-02-16,New Leads Ad - Copy 3,not_delivering,"7-day click, 1-day view, or 1-day engaged-view",,,1127,1.480035,,80,Daily,48.49,Ongoing,-,-,-,1668,29.070743,9.0,,5.387778,0.539568,30,1.798561,1.616333,,
2025-08-13,2026-02-16,New Leads Ad - Copy 3,archived,"7-day click, 1-day view, or 1-day engaged-view",,,60,1.233333,,80,Daily,3.08,Ongoing,-,-,-,74,41.621622,1.0,,3.08,1.351351,2,2.702703,1.54,,
2025-08-13,2026-02-16,New Leads Ad - Copy 4,archived,"7-day click, 1-day view, or 1-day engaged-view",,,72,1.027778,,80,Daily,0.38,Ongoing,-,-,-,74,5.135135,,,,,0,0.0,0.0,,
2025-08-13,2026-02-16,New Leads Ad - Copy 4,archived,"7-day click, 1-day view, or 1-day engaged-view",,,19,1.052632,,80,Daily,0.82,Ongoing,-,-,-,20,41.0,,,,,0,0.0,0.0,,
2025-08-13,2026-02-16,New Leads Ad - Copy 4,archived,"7-day click, 1-day view, or 1-day engaged-view",,,137,1.058394,,80,Daily,9.16,Ongoing,-,-,-,145,63.172414,4.0,,2.29,2.758621,5,3.448276,1.832,,
2025-08-13,2026-02-16,New Leads Ad - Copy,archived,"7-day click, 1-day view, or 1-day engaged-view",,,214,1.098131,,62,Daily,15.02,Ongoing,-,-,-,235,63.914894,11.0,,1.365455,4.680851,15,6.382979,1.001333,1.0,15.02
2025-08-13,2026-02-16,New Leads Ad - Copy,archived,"7-day click, 1-day view, or 1-day engaged-view",,,11,1.181818,,31,Daily,0.8,Ongoing,-,-,-,13,61.538462,,,,,0,0.0,0.0,,
2025-08-13,2026-02-16,New Leads Ad - Copy,archived,"7-day click, 1-day view, or 1-day engaged-view",,,98,1.091837,,62,Daily,9.46,Ongoing,-,-,-,107,88.411215,3.0,,3.153333,2.803738,2,1.869159,4.73,,
2025-08-13,2026-02-16,New Leads Ad - Copy,archived,"7-day click, 1-day view, or 1-day engaged-view",,,2,1.5,,31,Daily,0.08,Ongoing,-,-,-,3,26.666667,,,,,0,0.0,0.0,,
2025-08-13,2026-02-16,New Leads Ad - Copy,archived,"7-day click, 1-day view, or 1-day engaged-view",,,15,1.2,,62,Daily,0.39,Ongoing,-,-,-,18,21.666667,,,,,0,0.0,0.0,,
2025-08-13,2026-02-16,New Leads Ad - Copy,archived,"7-day click, 1-day view, or 1-day engaged-view",,,56,1.160714,,62,Daily,2.5,Ongoing,-,-,-,65,38.461538,1.0,,2.5,1.538462,1,1.538462,2.5,,
2025-08-13,2026-02-16,New Leads Ad - Copy,archived,"7-day click, 1-day view, or 1-day engaged-view",,,2,1.0,,31,Daily,0.29,Ongoing,-,-,-,2,145.0,,,,,0,0.0,0.0,,
2025-08-13,2026-02-16,New Leads Ad - Copy,archived,"7-day click, 1-day view, or 1-day engaged-view",,,67,2.089552,,31,Daily,12.2,Ongoing,-,-,-,140,87.142857,9.0,,1.355556,6.428571,10,7.142857,1.22,,
2025-08-13,2026-02-16,New Leads Ad - Copy,archived,"7-day click, 1-day view, or 1-day engaged-view",,,61,1.016393,,62,Daily,1.34,Ongoing,-,-,-,62,21.612903,,,,,0,0.0,0.0,,
2025-08-13,2026-02-16,New Leads Ad - Copy,archived,"7-day click, 1-day view, or 1-day engaged-view",2.0,conversions:offsite_conversion.fb_pixel_custom.Hyros Call,1134,1.282187,48.855,62,Daily,97.71,Ongoing,-,-,-,1454,67.200825,26.0,,3.758077,1.788171,41,2.819807,2.383171,1.0,97.71
2025-08-13,2026-02-16,New Leads Ad - Copy,archived,"7-day click, 1-day view, or 1-day engaged-view",,,7,1.0,,62,Daily,0.13,Ongoing,-,-,-,7,18.571429,,,,,0,0.0,0.0,,
2025-08-13,2026-02-16,New Leads Ad - Copy,archived,"7-day click, 1-day view, or 1-day engaged-view",,,30,1.2,,31,Daily,2.18,Ongoing,-,-,-,36,60.555556,,,,,0,0.0,0.0,,
2025-08-13,2026-02-16,New Leads Ad - Copy,archived,"7-day click, 1-day view, or 1-day engaged-view",,,2,1.0,,62,Daily,0.01,Ongoing,-,-,-,2,5.0,,,,,0,0.0,0.0,,
2025-08-13,2026-02-16,New Leads Ad - Copy 2,archived,"7-day click, 1-day view, or 1-day engaged-view",,,7,1.0,,62,Daily,0.14,Ongoing,-,-,-,7,20.0,,,,,0,0.0,0.0,,
2025-08-13,2026-02-16,New Leads Ad - Copy,archived,"7-day click, 1-day view, or 1-day engaged-view",,,3,1.333333,,31,Daily,0.23,Ongoing,-,-,-,4,57.5,,,,,0,0.0,0.0,,
2025-08-13,2026-02-16,New Leads Ad - Copy 3,archived,"7-day click, 1-day view, or 1-day engaged-view",,,60,1.016667,,62,Daily,1.34,Ongoing,-,-,-,61,21.967213,1.0,,1.34,1.639344,1,1.639344,1.34,,
2025-08-13,2026-02-16,New Leads Ad - Copy,archived,"7-day click, 1-day view, or 1-day engaged-view",,,71,1.014085,,62,Daily,0.03,Ongoing,-,-,-,72,0.416667,,,,,0,0.0,0.0,,
2025-08-13,2026-02-16,New Leads Ad - Copy 3,archived,"7-day click, 1-day view, or 1-day engaged-view",,,23,1.0,,62,Daily,0.37,Ongoing,-,-,-,23,16.086957,,,,,1,4.347826,0.37,,
2025-08-13,2026-02-16,New Leads Ad - Copy,archived,"7-day click, 1-day view, or 1-day engaged-view",1.0,conversions:offsite_conversion.fb_pixel_custom.Hyros Call,384,2.182292,61.71,31,Daily,61.71,Ongoing,-,-,-,838,73.639618,18.0,,3.428333,2.147971,30,3.579952,2.057,,
2025-08-13,2026-02-16,New Leads Ad - Copy,archived,"7-day click, 1-day view, or 1-day engaged-view",,,46,1.0,,62,Daily,4.65,Ongoing,-,-,-,46,101.086957,3.0,,1.55,6.521739,2,4.347826,2.325,,
2025-08-13,2026-02-16,New Leads Ad - Copy 3,archived,"7-day click, 1-day view, or 1-day engaged-view",,,25,1.4,,31,Daily,2.34,Ongoing,-,-,-,35,66.857143,,,,,3,8.571429,0.78,,
2025-08-13,2026-02-16,New Leads Ad - Copy,archived,"7-day click, 1-day view, or 1-day engaged-view",,,5,1.2,,31,Daily,0.22,Ongoing,-,-,-,6,36.666667,,,,,0,0.0,0.0,,
2025-08-13,2026-02-16,New Leads Ad - Copy,archived,"7-day click, 1-day view, or 1-day engaged-view",1.0,conversions:offsite_conversion.fb_pixel_custom.Hyros Call,1434,1.251046,140.46,62,Daily,140.46,Ongoing,-,-,-,1794,78.294314,38.0,,3.696316,2.118172,55,3.065775,2.553818,2.0,70.23
2025-08-13,2026-02-16,New Leads Ad - Copy,archived,"7-day click, 1-day view, or 1-day engaged-view",,,4,1.0,,62,Daily,0.04,Ongoing,-,-,-,4,10.0,,,,,0,0.0,0.0,,
2025-08-13,2026-02-16,New Leads Ad - Copy,archived,"7-day click, 1-day view, or 1-day engaged-view",,,20,1.15,,62,Daily,1.39,Ongoing,-,-,-,23,60.434783,1.0,,1.39,4.347826,1,4.347826,1.39,,
2025-08-13,2026-02-16,New Leads Ad - Copy,archived,"7-day click, 1-day view, or 1-day engaged-view",,,36,1.111111,,62,Daily,1.36,Ongoing,-,-,-,40,34.0,3.0,,0.453333,7.5,3,7.5,0.453333,,
2025-08-13,2026-02-16,New Leads Ad - Copy,archived,"7-day click, 1-day view, or 1-day engaged-view",,,17,1.058824,,62,Daily,4.1,Ongoing,-,-,-,18,227.777778,2.0,,2.05,11.111111,3,16.666667,1.366667,,
2025-08-13,2026-02-16,New Leads Ad - Copy,archived,"7-day click, 1-day view, or 1-day engaged-view",,,69,1.231884,,62,Daily,5.85,Ongoing,-,-,-,85,68.823529,5.0,,1.17,5.882353,8,9.411765,0.73125,,
2025-08-13,2026-02-16,New Leads Ad - Copy 3,archived,"7-day click, 1-day view, or 1-day engaged-view",,,54,1.166667,,62,Daily,3.82,Ongoing,-,-,-,63,60.634921,1.0,,3.82,1.587302,1,1.587302,3.82,,
2025-08-13,2026-02-16,New Leads Ad - Copy 4,archived,"7-day click, 1-day view, or 1-day engaged-view",,,24,1.041667,,62,Daily,0.93,Ongoing,-,-,-,25,37.2,,,,,0,0.0,0.0,,
2025-08-13,2026-02-16,New Leads Ad - Copy 4,archived,"7-day click, 1-day view, or 1-day engaged-view",,,6,1.0,,31,Daily,0.52,Ongoing,-,-,-,6,86.666667,,,,,0,0.0,0.0,,
2025-08-13,2026-02-16,New Leads Ad - Copy,archived,"7-day click, 1-day view, or 1-day engaged-view",,,17,1.294118,,31,Daily,0.62,Ongoing,-,-,-,22,28.181818,,,,,1,4.545455,0.62,,
2025-08-13,2026-02-16,New Leads Ad - Copy 3,archived,"7-day click, 1-day view, or 1-day engaged-view",,,4,1.0,,62,Daily,0.1,Ongoing,-,-,-,4,25.0,,,,,0,0.0,0.0,,
2025-08-13,2026-02-16,New Leads Ad - Copy 4,archived,"7-day click, 1-day view, or 1-day engaged-view",,,93,1.021505,,62,Daily,0.29,Ongoing,-,-,-,95,3.052632,,,,,0,0.0,0.0,,
2025-08-13,2026-02-16,New Leads Ad,archived,"7-day click, 1-day view, or 1-day engaged-view",,,1,1.0,,62,Daily,0.01,Ongoing,-,-,-,1,10.0,,,,,0,0.0,0.0,,
2025-08-13,2026-02-16,New Leads Ad - Copy,archived,"7-day click, 1-day view, or 1-day engaged-view",,,409,1.207824,,62,Daily,36.34,Ongoing,-,-,-,494,73.562753,17.0,,2.137647,3.441296,24,4.8583,1.514167,,
2025-08-13,2026-02-16,New Leads Ad - Copy,archived,"7-day click, 1-day view, or 1-day engaged-view",,,6,1.333333,,62,Daily,0.28,Ongoing,-,-,-,8,35.0,,,,,0,0.0,0.0,,
2025-08-13,2026-02-16,New Leads Ad - Copy,archived,"7-day click, 1-day view, or 1-day engaged-view",,,38,1.078947,,62,Daily,1.59,Ongoing,-,-,-,41,38.780488,,,,,0,0.0,0.0,,
2025-08-13,2026-02-16,New Leads Ad - Copy,archived,"7-day click, 1-day view, or 1-day engaged-view",,,167,1.071856,,62,Daily,1.69,Ongoing,-,-,-,179,9.441341,9.0,,0.187778,5.027933,8,4.469274,0.21125,,
2025-08-13,2026-02-16,New Leads Ad - Copy,archived,"7-day click, 1-day view, or 1-day engaged-view",,,14,1.428571,,31,Daily,1.3,Ongoing,-,-,-,20,65.0,,,,,0,0.0,0.0,,
2025-08-13,2026-02-16,New Leads Ad - Copy,archived,"7-day click, 1-day view, or 1-day engaged-view",,,72,1.069444,,62,Daily,0.18,Ongoing,-,-,-,77,2.337662,2.0,,0.09,2.597403,2,2.597403,0.09,,
2025-08-13,2026-02-16,New Leads Ad - Copy,archived,"7-day click, 1-day view, or 1-day engaged-view",,,8,1.125,,31,Daily,0.29,Ongoing,-,-,-,9,32.222222,,,,,0,0.0,0.0,,
2025-08-13,2026-02-16,New Leads Ad - Copy,archived,"7-day click, 1-day view, or 1-day engaged-view",,,75,1.08,,62,Daily,2.65,Ongoing,-,-,-,81,32.716049,4.0,,0.6625,4.938272,5,6.17284,0.53,,
2025-08-13,2026-02-16,New Leads Ad - Copy,archived,"7-day click, 1-day view, or 1-day engaged-view",,,44,1.068182,,62,Daily,0.38,Ongoing,-,-,-,47,8.085106,1.0,,0.38,2.12766,3,6.382979,0.126667,,
2025-08-13,2026-02-16,New Leads Ad - Copy,archived,"7-day click, 1-day view, or 1-day engaged-view",,,10,1.1,,80,Daily,13.96,Ongoing,-,-,-,11,1269.090909,1.0,,13.96,9.090909,1,9.090909,13.96,,
2025-08-13,2026-02-16,New Leads Ad - Copy,archived,"7-day click, 1-day view, or 1-day engaged-view",,,8,1.0,,80,Daily,0.52,Ongoing,-,-,-,8,65.0,,,,,0,0.0,0.0,,
2025-08-13,2026-02-16,New Leads Ad - Copy,archived,"7-day click, 1-day view, or 1-day engaged-view",,,15,1.0,,80,Daily,0.23,Ongoing,-,-,-,15,15.333333,,,,,0,0.0,0.0,,
2025-08-13,2026-02-16,New Leads Ad - Copy,archived,"7-day click, 1-day view, or 1-day engaged-view",,,7,1.428571,,31,Daily,1.96,Ongoing,-,-,-,10,196.0,,,,,0,0.0,0.0,,
2025-08-13,2026-02-16,New Leads Ad - Copy,archived,"7-day click, 1-day view, or 1-day engaged-view",,,40,1.4,,31,Daily,3.27,Ongoing,-,-,-,56,58.392857,1.0,,3.27,1.785714,2,3.571429,1.635,,
2025-08-13,2026-02-16,New Leads Ad - Copy,archived,"7-day click, 1-day view, or 1-day engaged-view",,,5,1.2,,31,Daily,0.38,Ongoing,-,-,-,6,63.333333,,,,,0,0.0,0.0,,
2025-08-13,2026-02-16,New Leads Ad - Copy,archived,"7-day click, 1-day view, or 1-day engaged-view",,,2,1.0,,31,Daily,0.03,Ongoing,-,-,-,2,15.0,,,,,0,0.0,0.0,,
2025-08-13,2026-02-16,New Leads Ad - Copy,archived,"7-day click, 1-day view, or 1-day engaged-view",,,4,1.0,,62,Daily,0.02,Ongoing,-,-,-,4,5.0,,,,,0,0.0,0.0,,
2025-08-13,2026-02-16,New Leads Ad - Copy 3,archived,"7-day click, 1-day view, or 1-day engaged-view",,,3,1.0,,31,Daily,0.64,Ongoing,-,-,-,3,213.333333,,,,,0,0.0,0.0,,
2025-08-13,2026-02-16,New Leads Ad - Copy,archived,"7-day click, 1-day view, or 1-day engaged-view",,,1,1.0,,62,Daily,0.04,Ongoing,-,-,-,1,40.0,,,,,0,0.0,0.0,,
2025-08-13,2026-02-16,New Leads Ad - Copy,archived,"7-day click, 1-day view, or 1-day engaged-view",,,5,1.2,,31,Daily,0.35,Ongoing,-,-,-,6,58.333333,,,,,0,0.0,0.0,,
2025-08-13,2026-02-16,New Leads Ad - Copy,archived,"7-day click, 1-day view, or 1-day engaged-view",,,1,1.0,,62,Daily,0.0,Ongoing,-,-,-,1,0.0,,,,,0,0.0,0.0,,
2025-08-13,2026-02-16,New Leads Ad - Copy,archived,"7-day click, 1-day view, or 1-day engaged-view",,,3,1.0,,62,Daily,0.07,Ongoing,-,-,-,3,23.333333,1.0,,0.07,33.333333,1,33.333333,0.07,,
2025-08-13,2026-02-16,New Leads Ad - Copy,archived,"7-day click, 1-day view, or 1-day engaged-view",,,6,1.166667,,31,Daily,0.36,Ongoing,-,-,-,7,51.428571,,,,,0,0.0,0.0,,
2025-08-13,2026-02-16,New Leads Ad - Copy,archived,"7-day click, 1-day view, or 1-day engaged-view",,,29,1.448276,,31,Daily,4.48,Ongoing,-,-,-,42,106.666667,1.0,,4.48,2.380952,2,4.761905,2.24,,
2025-08-13,2026-02-16,New Leads Ad - Copy,archived,"7-day click, 1-day view, or 1-day engaged-view",,,1,1.0,,31,Daily,0.1,Ongoing,-,-,-,1,100.0,,,,,0,0.0,0.0,,
2025-08-13,2026-02-16,New Leads Ad - Copy,archived,"7-day click, 1-day view, or 1-day engaged-view",,,5,1.0,,62,Daily,0.27,Ongoing,-,-,-,5,54.0,,,,,0,0.0,0.0,,
2025-08-13,2026-02-16,New Leads Ad - Copy,archived,"7-day click, 1-day view, or 1-day engaged-view",,,2,1.0,,31,Daily,0.08,Ongoing,-,-,-,2,40.0,,,,,0,0.0,0.0,,
2025-08-13,2026-02-16,New Leads Ad - Copy,archived,"7-day click, 1-day view, or 1-day engaged-view",,,1,1.0,,31,Daily,0.04,Ongoing,-,-,-,1,40.0,,,,,0,0.0,0.0,,
2025-08-13,2026-02-16,New Leads Ad - Copy,archived,"7-day click, 1-day view, or 1-day engaged-view",,,8,1.375,,31,Daily,3.28,Ongoing,-,-,-,11,298.181818,,,,,0,0.0,0.0,,
2025-08-13,2026-02-16,New Leads Ad - Copy,archived,"7-day click, 1-day view, or 1-day engaged-view",,,331,2.060423,,31,Daily,43.9,Ongoing,-,-,-,682,64.369501,16.0,,2.74375,2.346041,20,2.932551,2.195,1.0,43.9
2025-08-13,2026-02-16,New Leads Ad - Copy,archived,"7-day click, 1-day view, or 1-day engaged-view",,,105,1.066667,,62,Daily,6.48,Ongoing,-,-,-,112,57.857143,,,,,0,0.0,0.0,,
2025-08-13,2026-02-16,New Leads Ad - Copy,archived,"7-day click, 1-day view, or 1-day engaged-view",,,3,1.333333,,31,Daily,0.4,Ongoing,-,-,-,4,100.0,,,,,0,0.0,0.0,,
2025-08-13,2026-02-16,New Leads Ad - Copy 2,archived,"7-day click, 1-day view, or 1-day engaged-view",,,177,1.045198,,62,Daily,9.79,Ongoing,-,-,-,185,52.918919,1.0,,9.79,0.540541,4,2.162162,2.4475,,
2025-08-13,2026-02-16,New Leads Ad - Copy,archived,"7-day click, 1-day view, or 1-day engaged-view",,,20,1.0,,62,Daily,0.55,Ongoing,-,-,-,20,27.5,,,,,0,0.0,0.0,,
2025-08-13,2026-02-16,New Leads Ad - Copy,archived,"7-day click, 1-day view, or 1-day engaged-view",,,2,1.0,,62,Daily,10.07,Ongoing,-,-,-,2,5035.0,,,,,0,0.0,0.0,,
2025-08-13,2026-02-16,New Leads Ad - Copy,archived,"7-day click, 1-day view, or 1-day engaged-view",,,3,1.0,,62,Daily,0.09,Ongoing,-,-,-,3,30.0,,,,,0,0.0,0.0,,
2025-08-13,2026-02-16,New Leads Ad - Copy,archived,"7-day click, 1-day view, or 1-day engaged-view",,,1,1.0,,62,Daily,0.0,Ongoing,-,-,-,1,0.0,,,,,0,0.0,0.0,,
2025-08-13,2026-02-16,New Leads Ad - Copy 2,archived,"7-day click, 1-day view, or 1-day engaged-view",,,1,1.0,,31,Daily,0.1,Ongoing,-,-,-,1,100.0,,,,,0,0.0,0.0,,
2025-08-13,2026-02-16,New Leads Ad - Copy 2,archived,"7-day click, 1-day view, or 1-day engaged-view",,,4,1.25,,31,Daily,0.36,Ongoing,-,-,-,5,72.0,,,,,0,0.0,0.0,,
2025-08-13,2026-02-16,New Leads Ad - Copy 3,archived,"7-day click, 1-day view, or 1-day engaged-view",,,1,1.0,,62,Daily,0.12,Ongoing,-,-,-,1,120.0,,,,,0,0.0,0.0,,
2025-08-13,2026-02-16,New Leads Ad - Copy 3,archived,"7-day click, 1-day view, or 1-day engaged-view",,,3,1.0,,31,Daily,0.06,Ongoing,-,-,-,3,20.0,,,,,0,0.0,0.0,,
2025-08-13,2026-02-16,New Leads Ad - Copy 4,archived,"7-day click, 1-day view, or 1-day engaged-view",,,2,1.5,,31,Daily,0.26,Ongoing,-,-,-,3,86.666667,,,,,0,0.0,0.0,,
2025-08-13,2026-02-16,New Leads Ad - Copy 4,archived,"7-day click, 1-day view, or 1-day engaged-view",,,1,1.0,,62,Daily,0.0,Ongoing,-,-,-,1,0.0,,,,,0,0.0,0.0,,
2025-08-13,2026-02-16,New Leads Ad - Copy 4,archived,"7-day click, 1-day view, or 1-day engaged-view",,,1,1.0,,31,Daily,0.01,Ongoing,-,-,-,1,10.0,,,,,0,0.0,0.0,,
2025-08-13,2026-02-16,New Leads Ad - Copy,archived,"7-day click, 1-day view, or 1-day engaged-view",,,1,1.0,,31,Daily,0.2,Ongoing,-,-,-,1,200.0,,,,,0,0.0,0.0,,
2025-08-13,2026-02-16,New Leads Ad - Copy,archived,"7-day click, 1-day view, or 1-day engaged-view",,,2,1.0,,31,Daily,0.05,Ongoing,-,-,-,2,25.0,,,,,0,0.0,0.0,,
2025-08-13,2026-02-16,New Leads Ad - Copy,archived,"7-day click, 1-day view, or 1-day engaged-view",,,7,1.0,,62,Daily,0.2,Ongoing,-,-,-,7,28.571429,,,,,0,0.0,0.0,,
2025-08-13,2026-02-16,New Leads Ad - Copy,archived,"7-day click, 1-day view, or 1-day engaged-view",,,1,1.0,,62,Daily,0.0,Ongoing,-,-,-,1,0.0,,,,,0,0.0,0.0,,
2025-08-13,2026-02-16,New Leads Ad - Copy,archived,"7-day click, 1-day view, or 1-day engaged-view",,,2,2.0,,31,Daily,0.07,Ongoing,-,-,-,4,17.5,,,,,0,0.0,0.0,,
2025-08-13,2026-02-16,New Leads Ad - Copy,archived,"7-day click, 1-day view, or 1-day engaged-view",,,3,1.0,,31,Daily,0.08,Ongoing,-,-,-,3,26.666667,,,,,0,0.0,0.0,,
2025-08-13,2026-02-16,New Leads Ad - Copy,archived,"7-day click, 1-day view, or 1-day engaged-view",,,6,1.5,,31,Daily,0.17,Ongoing,-,-,-,9,18.888889,,,,,0,0.0,0.0,,
2025-08-13,2026-02-16,New Leads Ad - Copy,archived,"7-day click, 1-day view, or 1-day engaged-view",,,4,1.75,,31,Daily,0.99,Ongoing,-,-,-,7,141.428571,,,,,0,0.0,0.0,,
2025-08-13,2026-02-16,POST 7 - Companies are not hiring,archived,7-day click or 1-day view,,,231,1.034632,,Using campaign budget,0,7.87,Ongoing,-,-,-,239,32.92887,2.0,,3.935,0.83682,7,2.92887,1.124286,,
2025-08-13,2026-02-16,POST 3,archived,7-day click or 1-day view,2.0,actions:post_engagement,6,1.0,0.0,Using campaign budget,0,0.0,Ongoing,-,-,-,6,0.0,,,,,0,0.0,0.0,,
2025-08-13,2026-02-16,POST 5,archived,7-day click or 1-day view,,,2,1.0,,Using campaign budget,0,0.0,Ongoing,-,-,-,2,0.0,,,,,0,0.0,0.0,,
2025-08-13,2026-02-16,POST 2,inactive,7-day click or 1-day view,307265.0,actions:post_engagement,341225,1.105379,0.00664469,Using campaign budget,0,2041.68,Ongoing,-,-,-,377183,5.412969,835.0,,2.445126,0.221378,4760,1.261987,0.428924,,
2025-08-13,2026-02-16,POST 1,inactive,7-day click or 1-day view,3713.0,actions:post_engagement,5204,1.011722,0.00883921,Using campaign budget,0,32.82,Ongoing,-,-,-,5265,6.233618,5.0,,6.564,0.094967,28,0.531814,1.172143,,
2025-08-13,2026-02-16,POST 3,inactive,7-day click or 1-day view,86.0,actions:post_engagement,110,1.036364,0.00244186,Using campaign budget,0,0.21,Ongoing,-,-,-,114,1.842105,,,,,0,0.0,0.0,,
2025-08-13,2026-02-16,POST 4,inactive,7-day click or 1-day view,10.0,actions:post_engagement,18,1.0,0.004,Using campaign budget,0,0.04,Ongoing,-,-,-,18,2.222222,,,,,0,0.0,0.0,,
2025-08-13,2026-02-16,AD 1,not_delivering,7-day click or 1-day view,48.0,actions:omni_landing_page_view,5432,1.09757,0.93208333,20,Daily,44.74,Ongoing,-,-,-,5962,7.504193,54.0,,0.828519,0.905736,179,3.002348,0.249944,48.0,0.932083
2025-08-13,2026-02-16,AD 2,not_delivering,7-day click or 1-day view,80.0,actions:omni_landing_page_view,8484,1.137082,0.6345,20,Daily,50.76,Ongoing,-,-,-,9647,5.261739,87.0,,0.583448,0.901835,204,2.114647,0.248824,80.0,0.6345
2025-08-13,2026-02-16,AD 3,not_delivering,7-day click or 1-day view,52.0,actions:omni_landing_page_view,4540,1.065198,0.88423077,20,Daily,45.98,Ongoing,-,-,-,4836,9.507858,59.0,,0.779322,1.220017,177,3.66005,0.259774,52.0,0.884231
2025-08-13,2026-02-16,AD 4,not_delivering,7-day click or 1-day view,74.0,actions:omni_landing_page_view,6045,1.053598,0.59054054,20,Daily,43.7,Ongoing,-,-,-,6369,6.86136,82.0,,0.532927,1.287486,289,4.537604,0.151211,74.0,0.590541
2025-08-13,2026-02-16,AD 5,not_delivering,7-day click or 1-day view,60.0,actions:omni_landing_page_view,5514,1.07218,0.74333333,20,Daily,44.6,Ongoing,-,-,-,5912,7.543978,65.0,,0.686154,1.099459,219,3.70433,0.203653,60.0,0.743333
2025-08-13,2026-02-16,AD 6,not_delivering,7-day click or 1-day view,78.0,actions:omni_landing_page_view,6163,1.04673,0.56589744,20,Daily,44.14,Ongoing,-,-,-,6451,6.84235,89.0,,0.495955,1.379631,331,5.130987,0.133353,78.0,0.565897
2025-08-13,2026-02-16,AD 8,not_delivering,7-day click or 1-day view,84.0,actions:omni_landing_page_view,6597,1.122328,0.53797619,20,Daily,45.19,Ongoing,-,-,-,7404,6.103458,95.0,,0.475684,1.28309,305,4.119395,0.148164,84.0,0.537976
2025-08-13,2026-02-16,AD 7,not_delivering,7-day click or 1-day view,88.0,actions:omni_landing_page_view,7891,1.014067,0.41227273,20,Daily,36.28,Ongoing,-,-,-,8002,4.533867,97.0,,0.374021,1.212197,121,1.512122,0.299835,88.0,0.412273
2025-08-13,2026-02-16,POST 5,inactive,7-day click or 1-day view,44.0,actions:post_engagement,59,1.0,0.00181818,Using campaign budget,0,0.08,Ongoing,-,-,-,59,1.355932,,,,,0,0.0,0.0,,
2025-08-13,2026-02-16,POST 6,inactive,7-day click or 1-day view,113.0,actions:post_engagement,152,1.0,0.00292035,Using campaign budget,0,0.33,Ongoing,-,-,-,152,2.171053,1.0,,0.33,0.657895,1,0.657895,0.33,,
2025-08-13,2026-02-16,CONVERSION AD 1,not_delivering,"7-day click, 1-day view, or 1-day engaged-view",1.0,conversions:offsite_conversion.fb_pixel_custom.Hyros Call,3526,1.632728,400.42,200,Daily,400.42,Ongoing,-,-,-,5757,69.553587,261.0,,1.534176,4.533611,263,4.568352,1.52251,,
2025-08-13,2026-02-16,CONVERSION AD 4,not_delivering,"7-day click, 1-day view, or 1-day engaged-view",,,3629,1.942133,,200,Daily,388.04,Ongoing,-,-,-,7048,55.056754,166.0,,2.33759,2.355278,218,3.093076,1.78,,
2025-08-13,2026-02-16,CONVERSION AD 2,not_delivering,"7-day click, 1-day view, or 1-day engaged-view",6.0,conversions:offsite_conversion.fb_pixel_custom.Hyros Call,16813,1.802474,223.455,200,Daily,1340.73,Ongoing,-,-,-,30305,44.241214,550.0,,2.437691,1.814882,811,2.676126,1.653181,1.0,1340.73
2025-08-13,2026-02-16,CONVERSION AD 3,not_delivering,"7-day click, 1-day view, or 1-day engaged-view",,,1968,1.636687,,200,Daily,365.28,Ongoing,-,-,-,3221,113.405775,147.0,,2.484898,4.5638,151,4.687985,2.419073,,
2025-08-13,2026-02-16,CONVERSION AD 3,not_delivering,"7-day click, 1-day view, or 1-day engaged-view",1.0,conversions:offsite_conversion.fb_pixel_custom.Hyros Call,238,1.747899,61.83,200,Daily,61.83,Ongoing,-,-,-,416,148.629808,16.0,,3.864375,3.846154,18,4.326923,3.435,,
2025-08-13,2026-02-16,CONVERSION AD 1,not_delivering,"7-day click, 1-day view, or 1-day engaged-view",3.0,conversions:offsite_conversion.fb_pixel_custom.Hyros Call,1779,2.379989,163.43666667,200,Daily,490.31,Ongoing,-,-,-,4234,115.803023,215.0,,2.280512,5.07794,215,5.07794,2.280512,,
2025-08-13,2026-02-16,CONVERSION AD 2,not_delivering,"7-day click, 1-day view, or 1-day engaged-view",8.0,conversions:offsite_conversion.fb_pixel_custom.Hyros Call,7513,1.599627,76.0025,200,Daily,608.02,Ongoing,-,-,-,12018,50.592445,164.0,,3.707439,1.36462,274,2.279913,2.219051,1.0,608.02
2025-08-13,2026-02-16,CONVERSION AD 4,not_delivering,"7-day click, 1-day view, or 1-day engaged-view",3.0,conversions:offsite_conversion.fb_pixel_custom.Hyros Call,931,1.646617,56.05666667,200,Daily,168.17,Ongoing,-,-,-,1533,109.699935,50.0,,3.3634,3.261579,63,4.109589,2.669365,,
2025-08-13,2026-02-16,Ad 4 - Every DA Job V2,inactive,"7-day click, 1-day view, or 1-day engaged-view",9.0,conversions:schedule_website,11992,1.464726,53.34555556,Using campaign budget,0,480.11,Ongoing,-,-,-,17565,27.333333,189.0,,2.540265,1.076003,387,2.203245,1.240594,164.0,2.9275
2025-08-13,2026-02-16,Ad 2 - You already know V2,inactive,"7-day click, 1-day view, or 1-day engaged-view",6.0,conversions:schedule_website,10017,1.416991,64.82166667,Using campaign budget,0,388.93,Ongoing,-,-,-,14194,27.401015,170.0,,2.287824,1.197689,353,2.486966,1.101785,136.0,2.859779
2025-08-13,2026-02-16,Ad 3 - Bootcamp -V2,inactive,"7-day click, 1-day view, or 1-day engaged-view",37.0,conversions:schedule_website,41046,1.745286,46.20297297,Using campaign budget,0,1709.51,Ongoing,Average,-,-,71637,23.863506,654.0,,2.61393,0.912936,1432,1.998967,1.193792,564.0,3.031046
2025-08-13,2026-02-16,Ad 1  - Already Apply V2,inactive,"7-day click, 1-day view, or 1-day engaged-view",10.0,conversions:schedule_website,9339,1.376593,34.412,Using campaign budget,0,344.12,Ongoing,-,-,-,12856,26.767268,157.0,,2.191847,1.22122,303,2.356876,1.13571,139.0,2.475683
2025-08-13,2026-02-16,Ad 5 - You're so close V2,inactive,"7-day click, 1-day view, or 1-day engaged-view",1.0,conversions:schedule_website,1588,1.433879,91.01,Using campaign budget,0,91.01,Ongoing,-,-,-,2277,39.969258,21.0,,4.33381,0.922266,58,2.547211,1.569138,7.0,13.001429
2025-08-13,2026-02-16,Ad 6 - Google Certification,not_delivering,"7-day click, 1-day view, or 1-day engaged-view",27.0,conversions:schedule_website,35198,1.577789,50.6237037,Using campaign budget,0,1366.84,Ongoing,Average,-,-,55535,24.612227,613.0,,2.229755,1.103808,1244,2.240029,1.098746,512.0,2.669609
2025-08-13,2026-02-16,No Tech Experience,inactive,"7-day click, 1-day view, or 1-day engaged-view",1.0,conversions:schedule_website,1666,1.210684,71.6,Using campaign budget,0,71.6,Ongoing,Below average - Bottom 35% of ads,-,-,2017,35.498265,19.0,,3.768421,0.941993,41,2.032722,1.746341,14.0,5.114286
2025-08-13,2026-02-16,POST 1,inactive,-,,,0,0.0,,Using campaign budget,0,0.0,Ongoing,-,-,-,0,0.0,,,,,0,0.0,0.0,,
2025-08-13,2026-02-16,POST 3,not_delivering,-,,,0,0.0,,Using campaign budget,0,0.0,Ongoing,-,-,-,0,0.0,,,,,0,0.0,0.0,,
2025-08-13,2026-02-16,POST 2,inactive,-,,,0,0.0,,Using campaign budget,0,0.0,Ongoing,-,-,-,0,0.0,,,,,0,0.0,0.0,,
2025-08-13,2026-02-16,Teacher 1,inactive,"7-day click, 1-day view, or 1-day engaged-view",,,1,1.0,,Using campaign budget,0,0.02,Ongoing,-,-,-,1,20.0,,,,,0,0.0,0.0,,
2025-08-13,2026-02-16,No Tech Experience,active,"7-day click, 1-day view, or 1-day engaged-view",17.0,conversions:schedule_website,14341,1.293843,28.43176471,Using campaign budget,0,483.34,Ongoing,Below average - Bottom 35% of ads,-,-,18555,26.049043,202.0,,2.392772,1.088655,388,2.091081,1.245722,178.0,2.715393
2025-08-13,2026-02-16,Teacher 1,inactive,"7-day click, 1-day view, or 1-day engaged-view",,,636,1.171384,,Using campaign budget,0,26.54,Ongoing,Below average - Bottom 35% of ads,-,-,745,35.624161,11.0,,2.412727,1.47651,15,2.013423,1.769333,9.0,2.948889
2025-08-13,2026-02-16,Certificate,active,"7-day click, 1-day view, or 1-day engaged-view",106.0,conversions:schedule_website,116775,1.768212,46.42113208,Using campaign budget,0,4920.64,Ongoing,Average,-,-,206483,23.830727,2899.0,,1.697358,1.40399,5320,2.576483,0.924932,2617.0,1.88026
2025-08-13,2026-02-16,Ad 6 - Google Certification,active,"7-day click, 1-day view, or 1-day engaged-view",,,4752,1.254419,,Using campaign budget,0,229.3,Ongoing,Average,-,-,5961,38.4667,92.0,,2.492391,1.543365,180,3.019628,1.273889,80.0,2.86625
2025-08-13,2026-02-16,Teachers - 0226,active,"7-day click, 1-day view, or 1-day engaged-view",,,23,1.304348,,Using campaign budget,0,0.88,Ongoing,-,-,-,30,29.333333,,,,,0,0.0,0.0,,
2025-08-13,2026-02-16,Career Pivot - Tech Is New - 0226,active,"7-day click, 1-day view, or 1-day engaged-view",,,107,1.121495,,Using campaign budget,0,3.61,Ongoing,-,-,-,120,30.083333,3.0,,1.203333,2.5,4,3.333333,0.9025,1.0,3.61
2025-08-13,2026-02-16,Career Pivot - Tech Is Not - 0226,active,"7-day click, 1-day view, or 1-day engaged-view",,,310,1.406452,,Using campaign budget,0,15.34,Ongoing,-,-,-,436,35.183486,4.0,,3.835,0.917431,9,2.06422,1.704444,2.0,7.67
2025-08-13,2026-02-16,Frustrated Learner - ad3 - 0226,active,"7-day click, 1-day view, or 1-day engaged-view",,,375,1.666667,,Using campaign budget,0,19.69,Ongoing,-,-,-,625,31.504,4.0,,4.9225,0.64,15,2.4,1.312667,2.0,9.845
2025-08-13,2026-02-16,Frustrated Learner - ad4 - 0226,active,"7-day click, 1-day view, or 1-day engaged-view",,,8280,1.338285,,Using campaign budget,0,305.69,Ongoing,Below average - Bottom 35% of ads,-,-,11081,27.58686,122.0,,2.505656,1.100984,240,2.16587,1.273708,105.0,2.911333
2025-08-13,2026-02-16,Frustrated Learner - IfUFinishedGDA1 - 0226,active,"7-day click, 1-day view, or 1-day engaged-view",,,9155,1.249481,,Using campaign budget,0,378.35,Ongoing,Average,-,-,11439,33.075444,167.0,,2.265569,1.459918,304,2.657575,1.244572,142.0,2.664437
