Content,Video title,Video publish time,Duration,Views,Watch time (hours),Subscribers,Estimated revenue (USD),Impressions,Impressions click-through rate (%)
RrhBE3hgf9U,How to add code snippets to your content,,169,160,6.368,0,,0,
v68CIUkJnD8,Launch Your Data Career in 2025,,29,153,1.1122,0,,0,
I3YKCpYIZZk,Recruiter Secrets Get Hired ASAP with Emily: Interviews,,6909,24,5.8522,0,,0,
WHXFDX3lao0,Build Your Online Credibility Monthly Challenge for DIM,,181,15,0.2979,0,,1,0
bW2dskpAE5o,Test,,3428,11,0.6741,0,,0,
eF7z-C6y52I,Ronnie After Program Interview,,1742,11,0.6203,0,,0,
FfVvcaEU72c,Robby After Program Testimonial,,1548,4,0.6006,0,,0,
vmolYho9CXA,Melissa After Program Interview,,1987,3,0.0044,0,,0,
ervCQgmvir4,Emmanuel After Program Interview,,3555,2,0.0628,0,,0,
Total,,,,1098824,69166.4692,36997,6822.298,18616657,3.68
X2P6no-gHCY,How to Build the Perfect Data Analyst Portfolio Without Any Code,,3469,8,0.3931,0,0.011,2,0
OQpK2exaOvk,Customize GPT To Write Custom Content,,614,264,31.0241,0,0.002,2,0
#NAME?,DIM Challenge,,315,207,14.956,0,0.001,0,
iyt4M5Q11fk,How to Create GIFS,,351,202,15.6419,0,0.001,0,
ajHfXv0ULP0,Readability Tips for Engaging Content,,111,199,5.1765,0,0.001,0,
08J88EiuTmI,Everything You Need to Become a Data Analyst in 20 Minutes Master V3,,940,1,0.0004,0,0,0,
Q5QIe31ftxs,How I’d Learn Data Analytics in 2026 (The Rules I’d Follow),2-Jan-26,1188,14619,1767.8465,436,145.578,235334,3.26
xs_GgPfLXe4,AI Just Killed These 5 Data Analyst Skills (Do THIS Instead),12-Jan-26,880,12699,1162.0153,257,104.194,245517,3.43
n1VwXmPmqYU,Make Real Impact as a Data Professional with Vin Vashishta,16-Jan-23,135,1,0.03,0,,31,3.23
UyDPf624foM,The Highest Paying Data Analyst Skill No One Learns,19-Jan-26,1076,5895,528.3917,73,49.927,81620,4.77
wMMfP_fKA8g,Should you be a generalist or a specialist in your career? Vin Vashishta,20-Jan-23,183,1,0.0404,0,,30,3.33
vruP9FXcq2Q,Snapchat Intermediate SQL Interview Question for Data Analysts and Data Scientists,20-Jan-23,970,38,1.4019,0,0.024,1282,1.56
5snxSZDl3qk,The Harsh Reality of Being a Data Analyst,26-Jan-26,742,4869,368.2399,65,38.429,74043,4.31
6tdedAcpXC0,"Watch This To Become Valuable In Your Data Career | Vin Vashishta, Data Strategist",30-Jan-23,3112,21,2.9439,1,0.003,142,6.34
gk6A0VUfPpU,Why 99% Self-Taught Data Analysts Never Get Hired,2-Feb-26,437,3573,184.1618,44,14.32,47274,5.03
9CwRk9UrY3M,How to Land Your First Tech Job in 2026,6-Feb-26,3532,574,51.9818,7,,10312,2.37
i0W_dmYNrak,I Ranked Every Data Analyst Skill So You Don't Waste 6 Months,11-Feb-26,1518,3128,343.0687,39,14.579,45546,4.9
wq2rVu73p0E,Meet Kedeisha - Your Data Career Coach,13-Mar-25,105,1344,24.0727,23,5.362,26820,3.89
UHZwgrFki1E,How to Build the Perfect Data Analyst Portfolio Without Any Code,16-Mar-25,3468,1473,219.8129,35,4.354,8778,5.59
qfwTMeXk3SE,3 Steps to Become a Data Analyst in 2025 | Free Training,17-Mar-25,3112,117,7.1328,3,,1950,2.82
cZNY5hcASzU,Tech Recruiter Secrets: How to Get Hired in Data Analytics in 2025,25-Mar-25,3782,971,214.7671,8,2.168,7632,2.9
5OzY1aFhBL0,"How to Communicate Your Data Insights...THE RIGHT WAY!  | Vin Vashishta, Data Strategist",27-Mar-23,90,2,0.0254,0,,30,6.67
5WNTZCN21qY,Job Seekers Pay Attention: Title is not Everything,28-Mar-23,44,4,0.0295,0,,35,8.57
Tzm45mQVmXI,"Build a Strong Data Career with this Advice | Robert Holmes III, Senior Data Analyst",31-Mar-23,3059,4,0.86,0,,33,0
qWZJBs0Qq9w,Live Resume Roast with a Senior Tech Recruiter,1-Apr-25,5269,828,259.0773,7,1.935,4749,3.39
4x4YI3chd6A,The FASTEST Data Analyst Roadmap for Career Changers in 2026 [FREE COURSE],9-Apr-25,3427,17879,3532.1053,410,108.939,172397,4.11
mK5IMlZXo08,Learn SQL FAST | SQL for Data Analysts Roadmap,21-Apr-25,296,2055,82.5931,39,4.604,21245,6.26
OjLg6nFZ0pw,TOP 5 IT Skills To Get a $150k Job Fast In 2026,28-Apr-25,976,1642,155.8074,32,4.212,29189,3.25
8ZyvYEClUAs,SQL Interview Whiteboard Question 1: Where are the Managers? Would you pass or fail?,3-May-25,53,3070,25.1717,13,0.021,37659,3.91
4lLjpGuLPTc,Copy These 3 Data Analyst Projects (It Will Get You Hired),5-May-25,454,11328,503.9001,598,6.962,256710,2.84
xZatHqSkd90,Wine Magazine Hard SQL Interview Question for Data Analysts and Data Scientists,10-May-23,443,29,0.8656,0,0.022,1249,1.44
Xz39nkLAkgo,Live Data Analyst Project: Analyzing U.S. Imports,11-May-25,3865,1830,201.421,46,2.566,22636,4.04
eOr9vWPEjyE,Why the Google Data Analytics Certificate Won't Get You Hired (And What Will),15-May-25,696,75219,4860.9514,3391,673.818,1387197,3.73
S5M1iajbiow,State of the Data Analyst Job Market 2025: Top Job Seeker Mistakes,16-May-25,4836,433,87.4288,15,3.057,7603,2.5
HVWEVWmjVrQ,You Don’t Need Experience to Become a Data Analyst (I’ll Prove It),23-May-25,470,2243,141.7742,61,5.801,37434,3.61
zEoEqnUt-20,Why Data Analyst Certificates Keep You UNEMPLOYED!,27-May-25,601,13540,841.2964,552,21.418,198900,4.4
kgfHyPGdd30,Live LinkedIn & Portfolio Audits for Data Analysts,31-May-25,3975,926,98.865,23,0.611,9581,4.7
E_E0T97KZrY,The 1 Thing You Need To Unlearn As a Data Analyst,4-Jun-25,478,1753,96.1768,50,1.874,32973,3.25
#NAME?,Why You Should NOT Become an Entry Level Data Analyst (What To Do Instead),6-Jun-25,440,19040,970.2556,554,63.525,268162,4.99
bTs_IpbX6Xc,Live LinkedIn & Portfolio Audits for Data Analysts,7-Jun-25,3514,624,59.77,12,0.318,10169,3.22
bQe-HkyGbWQ,How to Land 10x More Data Analyst Interviews with AI,13-Jun-25,4337,495,68.9112,9,1.002,11812,2.06
053cC-qsHpM,Live LinkedIn & Portfolio Audits for Data Analysts,14-Jun-25,3827,723,59.1576,21,0.57,12333,3.49
5KeJSpMIf-s,Live LinkedIn & Portfolio Audits for Data Analysts,21-Jun-25,3171,588,71.5864,18,15.274,10289,3.15
jH30L4Zi_qc,Data Analyst Roadmaps Don't Work (Here's Proof),23-Jun-25,485,3277,192.7031,68,7.508,54219,3.72
PLj2On29-fM,The ONLY Data Analyst Project You Need to Get Hired in 2026,30-Jun-25,592,40193,2217.6812,1477,217.691,508353,5.06
tNb3mbEbkcY,5 MISTAKES Google Data Analytics Certificate Graduates Make,9-Jul-25,669,1447,112.426,24,7.072,38743,2.44
ZgBbsGLVqYE,3 High Paying Remote Jobs in Tech You Never Heard Of (No Math or Coding Required),11-Jul-25,634,3292,234.1875,73,28.775,47126,4.14
_8GBpihMjfI,There's No More Data Analyst Jobs…Now What?,15-Jul-25,484,98725,4759.1582,4181,484.975,1890061,3.79
InvPG20iGSc,How to Land A Data Analyst Job Using AI & LinkedIn,1-Aug-25,4886,1638,214.6958,29,0.447,25368,2.63
H3M5SKqwM1o,AI is Taking Over the Data Analyst Job Market…Now What?,11-Aug-25,530,6273,323.4706,112,46.938,58665,5.58
H4ifLpr4Msk,Build Wealth in Data Analytics,21-Aug-25,138,1273,18.1486,9,0.024,5569,5.57
GbPjHXLFZZ0,"I Analyzed 3,855 Data Analyst Job Postings...These Skills Get You Hired",22-Aug-25,816,11198,961.5564,251,109.293,153972,4.09
f1s0zFR9-nM,Data Analyst Certificates are Dead…Now What?,28-Aug-25,559,2077,112.0516,20,13.001,41674,3.44
dhD7ksPpcCg,5 High Paying Data Analyst Jobs Hiring Right Now,29-Aug-25,696,3195,223.3477,52,25.135,47413,3.82
XPhdpGHFhak,"I Landed 3 Data Analyst Interviews In 30 Days, Here's How",3-Sep-25,454,8905,386.2757,252,33.047,109653,5.51
q4wVcpmlN3Q,McKinsey Hard SQL Interview Question for Data Analysts and Data Scientists,5-Sep-23,1504,111,4.2653,1,0.029,1364,5.21
q2NQlv2RCW0,ATS Myths: The Truth About AI and Your Applications,5-Sep-25,3980,404,57.5466,6,0.108,10457,1.24
rCCeQPief4Y,"AI will take your job, unless you’re in this career",5-Sep-25,28,1228,5.4767,1,0.011,5682,2.25
zqBaMIMhcGw,STOP Wasting Time On These 3 FAKE Analyst Skills,6-Sep-25,587,33423,1889.5202,1175,156.701,488343,5.14
1dmqFDd5-Rs,"Every day you wait, you’re losing money",6-Sep-25,41,1013,3.546,0,0.005,2804,2.1
AznCwauK890,Don't be cut out in the next round of job cuts.,9-Sep-25,32,1142,3.6219,0,0.006,3261,2.05
J_Z-e8Mpg6I,"The EXACT Roadmap That Got Me Hired as a Data Analyst ($328,000)",10-Sep-25,586,4710,317.7911,115,31.939,81156,3.68
abCgidpU2XA,Where will you be in 6 months?,10-Sep-25,28,1141,2.9752,0,0.007,3979,2.66
rOS7vy_d8w8,Are you stuck in tutorial loop?,12-Sep-25,33,1168,3.829,4,0.008,4502,1.78
J_j3mTGUwdE,You don't need to love your job,13-Sep-25,35,1369,5.2943,0,0.014,5749,2.59
4U9nm7R0c5A,Companies don't care about your degree,14-Sep-25,40,1458,5.6866,1,0.01,6616,3.05
OJEGb7jUnZM,You're paying more tax than you realize...,15-Sep-25,30,1179,3.4763,1,0.013,5263,2.13
qEvqZRvOlw4,Where will you be in 5 years?,17-Sep-25,30,1499,4.238,3,0.027,7449,2.93
yUzq4nprsWI,The PERFECT Skill Stack To Get Hired As a Data Analyst In 2026,18-Sep-25,816,2062,175.8522,38,16.365,42066,2.85
biJHe3M4kIU,What I’d Learn Instead of Data Science & ML in 2026,22-Sep-25,564,88298,4452.0373,2149,497.452,1202900,5.2
fkprdaDU7As,The WORST Data Analyst Certificates in 2026,25-Sep-25,578,3191,222.1474,56,25.045,54381,4.1
-6lQ3crwkBU,No experience? No problem!,25-Sep-25,61,2606,21.8789,12,0.055,12178,4.88
Rymznc_R6Qw,Data Analyst Interview Prep with the Pros,26-Sep-25,3794,939,117.8446,10,0.662,16295,2.3
IfCtviW3c5s,In 30 days could you can be landing your first data job?,26-Sep-25,42,2567,14.6179,9,0.084,25268,3.23
8UnzeRafSHc,"Bootcamps are flashy, not for learning.",29-Sep-25,46,1598,7.7825,6,0.056,11492,2.33
vd415F_Yopw,How I Became a Data Analyst and ACTUALLY Got Hired (Copy Me),30-Sep-25,623,6255,403.2391,100,43.275,107156,3.65
6h97jBAOjzQ,Focus on these 3 in-demand skills.,1-Oct-25,49,6450,51.2943,29,0.512,73032,4.1
5MBWfuVuvgg,Meta SQL Interview Question: Page With No Likes,2-Oct-22,427,273,7.8607,0,0.648,1173,6.31
L3iD_fiwvLI,Don't Become a Data Analyst (Do THIS Instead),2-Oct-25,635,158312,10178.7391,7238,1306.002,3904031,2.62
sE7UnndDqa8,Companies still care about your degree??,3-Oct-25,55,1739,12.0052,4,0.158,11741,3
qF8_nGw1NI8,5 Boring But High Paying Data Analyst Jobs in 2026,6-Oct-25,689,5767,450.4053,103,58.674,95603,3.47
nRHhCXTSMGg,Companies are not hiring analysts anymore...,8-Oct-25,83,3785,43.1237,12,0.412,25631,4.8
OZVUUftNHH8,Data Analyst vs Data Scientist (What I'd Choose in 2026),9-Oct-25,461,5159,299.1944,91,25.298,76616,4.12
JiPIV-fCvsw,Learn these skills and you'll be in demand,10-Oct-25,135,4376,80.6953,27,0.503,35798,4.83
#NAME?,Why You MUST Go All In on Data Analytics & AI in 2026,20-Oct-25,705,123214,7248.3216,5050,762.759,2070240,3.75
at_XfhjAeBo,The ONLY 5 Data Analyst Skills That Will Actually Matter in 2026,23-Oct-25,891,63393,4376.6129,2055,425.067,1087046,3.84
6N-a3aUSAKU,Robinhood SQL Interview Question: Cities with Completed Trades,24-Oct-22,650,52,3.3506,0,0.222,1218,2.22
Ia-K-VGi9jo,AI Just Changed the Data Analyst Job Market Forever,27-Oct-25,558,8640,520.6203,137,68.011,134093,4.13
z5u7ryOb1es,6 FACTS I Wish I Knew Before Becoming a Data Analyst,30-Oct-25,599,5058,368.0808,89,38.688,86844,3.34
gmosQxI4zbw,Your resume is no longer enough in this data analyst job market.,31-Oct-25,62,3975,26.5834,11,0.321,9941,3.17
pZ5wU4ajONw,The Entry-Level Data Analyst Job is a Lie,3-Nov-25,572,6170,393.8142,102,41.332,99604,4.07
2eprf2CVjoM,AI is replacing traditional coding jobs,4-Nov-25,37,3570,14.5553,2,0.237,7770,2.39
2pE7UWLOTHQ,Ranking Data Jobs for 2026 (From $50k Hell to $169k Roles),5-Nov-25,971,9304,836.7685,110,95.919,159296,3.77
jw-wX2En76k,Employers don’t trust claims. They trust results.,7-Nov-25,62,2033,14.4709,7,0.167,11078,2.14
#NAME?,Land A Data Analyst Job With Networking & AI,8-Nov-25,3626,1292,151.7832,7,3.427,31572,1.87
6I3GraG0ubg,The ONLY Way You Can Get Hired in Data Analytics,10-Nov-25,480,5922,319.7151,71,38.76,82758,4.53
PQbOClq_s1A,Don't Become a Data Scientist (Do THIS Instead),17-Nov-25,711,9271,733.6257,154,73.259,194995,2.9
6nCwi1c4YGs,Don't Apply for a Data Analyst Job Until You Watch This,20-Nov-25,485,4930,260.6901,50,24.965,71066,4.63
VUOznCNVshE,Uber SQL Interview Question: User's Third Transaction,21-Nov-22,445,41,1.8347,1,0.066,1266,1.97
9Br36UZXGn4,Take This Test Before You Choose Your Data Career,24-Nov-25,900,4572,393.4242,35,44.248,75870,3.63
U0cOleFSELY,Data Career Coach Ranks Learning Paths 1-10,28-Nov-25,71,2650,20.7177,4,0.267,11137,4.78
D7x_eIkaf9k,Stop Letting Job Descriptions Scare You,29-Nov-25,65,2022,15.6426,5,0.217,9147,2.51
#NAME?,The Most Important Skills to Be Successful in Data,30-Nov-22,149,1,0.033,0,,25,0
f_EFZsbra1E,3 Things You Must Do Before Applying to Data Analyst Jobs,30-Nov-25,86,1734,16.3382,6,0.185,9934,3.57
YydD3npqL40,Your Data Analyst Job Isn’t Safe...,1-Dec-25,943,3052,249.0032,30,29.833,55852,3.31
52f3YsZtuls,Important Skills to Be Successful in Data: Part II,2-Dec-22,100,16,0.2362,0,0.018,92,14.13
9uPGIPQ27zU,Did We All Get Played? The College Degree Scam,2-Dec-25,47,2325,10.0946,2,0.248,12583,3.26
ekUOpSQm3Og,Nobody Is Hiring Data Analysts In 2026,3-Dec-25,499,9692,536.6705,132,64.774,123413,5.14
pnJqZeqY9EU,Stop using LinkedIn Easy Apply,3-Dec-25,93,4877,55.6386,18,0.536,39735,4.17
vTjcVZ-zlZI,You're NOT Ready for The Next Phase of Data Analytics,5-Dec-25,987,5876,519.0972,75,37.637,100441,3.73
5Ygg3RYf830,Live Data Analyst Resume Review with REAL Tech Recruiters,5-Dec-25,3922,543,72.5378,0,0.207,13656,1.98
VuNXMuL3wwU,Live Data Analyst Resume Review with REAL Tech Recruiters 📱,5-Dec-25,3920,500,48.8925,2,0.039,12661,1.6
HPWlrUtXsUg,The Data Analytics Path That Actually Works,12-Dec-25,1003,64125,5435.4712,2662,542.159,1233360,3.3
6RRCBGqmmQQ,The 5 Data Analyst Levels and How to Reach Them,15-Dec-25,643,4358,314.6526,60,33.415,70516,3.69
7tc6Qa5MiZY,Most Data Analysts Miss This Skill Completely...,17-Dec-25,664,3013,184.4936,36,21.428,51198,3.65
DAo2KHf8esk,"This is Boring, But It'll Get You a Data Analyst Job in 2026",22-Dec-25,537,4343,254.1234,49,32.263,59892,4.57
